trial_id,sequence_mode,window_size,hidden_size,learning_rate,num_layers,dropout,best_epoch,best_valid_loss,valid_mse,valid_rmse,valid_mae,valid_r2,train_samples,valid_samples,checkpoint_path
1,prefix_full,,64,0.001,1,0.1,2,0.9426935017108917,0.9426934719085693,0.9709240299367244,0.9697555899620056,-343.9350891113281,1024,512,outputs\analysis\lstm_charge_delta_ah_prefix_full_grid_cpu\checkpoints\trial_001.pt
2,prefix_full,,64,0.001,1,0.2,2,0.6722762584686279,0.6722762584686279,0.8199245443750467,0.8186194896697998,-241.44515991210938,1024,512,outputs\analysis\lstm_charge_delta_ah_prefix_full_grid_cpu\checkpoints\trial_002.pt
3,prefix_full,,64,0.001,2,0.1,2,0.8383264243602753,0.8383264541625977,0.9156016896896804,0.9143733382225037,-341.7686462402344,1024,512,outputs\analysis\lstm_charge_delta_ah_prefix_full_grid_cpu\checkpoints\trial_003.pt
4,prefix_full,,64,0.001,2,0.2,2,0.7580397725105286,0.7580397725105286,0.8706547952607443,0.8693641424179077,-278.9159851074219,1024,512,outputs\analysis\lstm_charge_delta_ah_prefix_full_grid_cpu\checkpoints\trial_004.pt
5,prefix_full,,64,0.0005,1,0.1,2,0.9808346033096313,0.9808346629142761,0.9903709723705941,0.9890447854995728,-341.4549560546875,1024,512,outputs\analysis\lstm_charge_delta_ah_prefix_full_grid_cpu\checkpoints\trial_005.pt
6,prefix_full,,64,0.0005,1,0.2,2,0.6560112833976746,0.6560112833976746,0.8099452348138574,0.8080337047576904,-231.31259155273438,1024,512,outputs\analysis\lstm_charge_delta_ah_prefix_full_grid_cpu\checkpoints\trial_006.pt
7,prefix_full,,64,0.0005,2,0.1,2,1.0640225410461426,1.0640225410461426,1.0315146829038075,1.030335545539856,-434.11456298828125,1024,512,outputs\analysis\lstm_charge_delta_ah_prefix_full_grid_cpu\checkpoints\trial_007.pt
8,prefix_full,,64,0.0005,2,0.2,2,0.906928539276123,0.906928539276123,0.9523279578360193,0.9510785341262817,-341.6839294433594,1024,512,outputs\analysis\lstm_charge_delta_ah_prefix_full_grid_cpu\checkpoints\trial_008.pt
9,prefix_full,,64,0.0002,1,0.1,2,1.26546972990036,1.2654697895050049,1.124931015442727,1.1235153675079346,-421.4579162597656,1024,512,outputs\analysis\lstm_charge_delta_ah_prefix_full_grid_cpu\checkpoints\trial_009.pt
10,prefix_full,,64,0.0002,1,0.2,2,0.9087409377098083,0.9087409973144531,0.9532790763016112,0.9522053599357605,-402.4296875,1024,512,outputs\analysis\lstm_charge_delta_ah_prefix_full_grid_cpu\checkpoints\trial_010.pt
11,prefix_full,,64,0.0002,2,0.1,2,1.3105564713478088,1.310556411743164,1.1447953580195738,1.1434082984924316,-420.0597229003906,1024,512,outputs\analysis\lstm_charge_delta_ah_prefix_full_grid_cpu\checkpoints\trial_011.pt
12,prefix_full,,64,0.0002,2,0.2,2,0.8182458281517029,0.8182458281517029,0.9045694158834373,0.9029083251953125,-270.6361999511719,1024,512,outputs\analysis\lstm_charge_delta_ah_prefix_full_grid_cpu\checkpoints\trial_012.pt
13,prefix_full,,128,0.001,1,0.1,2,0.4915435165166855,0.4915435314178467,0.7011016555520652,0.6988002061843872,-176.2111053466797,1024,512,outputs\analysis\lstm_charge_delta_ah_prefix_full_grid_cpu\checkpoints\trial_013.pt
14,prefix_full,,128,0.001,1,0.2,2,0.633102297782898,0.633102297782898,0.7956772572990245,0.7938222885131836,-206.01443481445312,1024,512,outputs\analysis\lstm_charge_delta_ah_prefix_full_grid_cpu\checkpoints\trial_014.pt
15,prefix_full,,128,0.001,2,0.1,2,0.6508102118968964,0.6508102416992188,0.806728108906104,0.8054666519165039,-253.41244506835938,1024,512,outputs\analysis\lstm_charge_delta_ah_prefix_full_grid_cpu\checkpoints\trial_015.pt
16,prefix_full,,128,0.001,2,0.2,2,0.39190003275871277,0.3919000029563904,0.6260191713968434,0.623659610748291,-160.64801025390625,1024,512,outputs\analysis\lstm_charge_delta_ah_prefix_full_grid_cpu\checkpoints\trial_016.pt
17,prefix_full,,128,0.0005,1,0.1,2,1.0536730885505676,1.0536730289459229,1.0264857665578822,1.0254480838775635,-423.8141784667969,1024,512,outputs\analysis\lstm_charge_delta_ah_prefix_full_grid_cpu\checkpoints\trial_017.pt
18,prefix_full,,128,0.0005,1,0.2,2,1.2141634225845337,1.2141635417938232,1.1018908937793357,1.1008497476577759,-433.27081298828125,1024,512,outputs\analysis\lstm_charge_delta_ah_prefix_full_grid_cpu\checkpoints\trial_018.pt
19,prefix_full,,128,0.0005,2,0.1,2,0.9761626124382019,0.9761625528335571,0.9880093890411958,0.9868730306625366,-378.7040100097656,1024,512,outputs\analysis\lstm_charge_delta_ah_prefix_full_grid_cpu\checkpoints\trial_019.pt
20,prefix_full,,128,0.0005,2,0.2,2,0.901506781578064,0.901506781578064,0.9494771095598166,0.9482582807540894,-369.3743591308594,1024,512,outputs\analysis\lstm_charge_delta_ah_prefix_full_grid_cpu\checkpoints\trial_020.pt
21,prefix_full,,128,0.0002,1,0.1,2,0.7655883729457855,0.7655884027481079,0.8749790870347176,0.8737358450889587,-329.37554931640625,1024,512,outputs\analysis\lstm_charge_delta_ah_prefix_full_grid_cpu\checkpoints\trial_021.pt
22,prefix_full,,128,0.0002,1,0.2,2,1.047689139842987,1.0476891994476318,1.0235669003282746,1.0224708318710327,-424.1983642578125,1024,512,outputs\analysis\lstm_charge_delta_ah_prefix_full_grid_cpu\checkpoints\trial_022.pt
23,prefix_full,,128,0.0002,2,0.1,2,1.0174241065979004,1.0174241065979004,1.008674430427331,1.0073782205581665,-374.89569091796875,1024,512,outputs\analysis\lstm_charge_delta_ah_prefix_full_grid_cpu\checkpoints\trial_023.pt
24,prefix_full,,128,0.0002,2,0.2,2,1.1605828404426575,1.1605827808380127,1.077303476666632,1.076141357421875,-436.93450927734375,1024,512,outputs\analysis\lstm_charge_delta_ah_prefix_full_grid_cpu\checkpoints\trial_024.pt
25,prefix_full,,192,0.001,1,0.1,1,0.5930185317993164,0.5930185317993164,0.7700769648543686,0.7685428857803345,-204.32696533203125,1024,512,outputs\analysis\lstm_charge_delta_ah_prefix_full_grid_cpu\checkpoints\trial_025.pt
26,prefix_full,,192,0.001,1,0.2,2,0.13742326945066452,0.13742327690124512,0.3707064565141065,0.3531455099582672,-47.959449768066406,1024,512,outputs\analysis\lstm_charge_delta_ah_prefix_full_grid_cpu\checkpoints\trial_026.pt
27,prefix_full,,192,0.001,2,0.1,2,0.32418130338191986,0.32418128848075867,0.5693692022587441,0.5573059916496277,-124.46633911132812,1024,512,outputs\analysis\lstm_charge_delta_ah_prefix_full_grid_cpu\checkpoints\trial_027.pt
28,prefix_full,,192,0.001,2,0.2,2,0.2027704417705536,0.2027704417705536,0.45030039059560406,0.43516290187835693,-73.83971405029297,1024,512,outputs\analysis\lstm_charge_delta_ah_prefix_full_grid_cpu\checkpoints\trial_028.pt
29,prefix_full,,192,0.0005,1,0.1,2,0.6000778079032898,0.6000778079032898,0.7746468923989108,0.7731705904006958,-263.17413330078125,1024,512,outputs\analysis\lstm_charge_delta_ah_prefix_full_grid_cpu\checkpoints\trial_029.pt
30,prefix_full,,192,0.0005,1,0.2,2,0.5652245581150055,0.5652245283126831,0.751814158095392,0.750382125377655,-218.74729919433594,1024,512,outputs\analysis\lstm_charge_delta_ah_prefix_full_grid_cpu\checkpoints\trial_030.pt
31,prefix_full,,192,0.0005,2,0.1,2,0.8723062574863434,0.872306227684021,0.9339733549111672,0.9326289892196655,-326.1234130859375,1024,512,outputs\analysis\lstm_charge_delta_ah_prefix_full_grid_cpu\checkpoints\trial_031.pt
32,prefix_full,,192,0.0005,2,0.2,2,0.6651811897754669,0.6651811599731445,0.8155863902574297,0.8141458034515381,-238.68125915527344,1024,512,outputs\analysis\lstm_charge_delta_ah_prefix_full_grid_cpu\checkpoints\trial_032.pt
33,prefix_full,,192,0.0002,1,0.1,2,0.9270750284194946,0.9270750284194946,0.9628473546827112,0.9615666270256042,-325.45367431640625,1024,512,outputs\analysis\lstm_charge_delta_ah_prefix_full_grid_cpu\checkpoints\trial_033.pt
34,prefix_full,,192,0.0002,1,0.2,2,0.8577406704425812,0.8577406406402588,0.9261428834905869,0.9247164130210876,-293.3591003417969,1024,512,outputs\analysis\lstm_charge_delta_ah_prefix_full_grid_cpu\checkpoints\trial_034.pt
35,prefix_full,,192,0.0002,2,0.1,2,0.9912417232990265,0.9912416338920593,0.9956111861023154,0.9943729639053345,-380.0328674316406,1024,512,outputs\analysis\lstm_charge_delta_ah_prefix_full_grid_cpu\checkpoints\trial_035.pt
36,prefix_full,,192,0.0002,2,0.2,2,1.0687459111213684,1.0687458515167236,1.0338016499874256,1.032690167427063,-434.7354736328125,1024,512,outputs\analysis\lstm_charge_delta_ah_prefix_full_grid_cpu\checkpoints\trial_036.pt
